<Objs Version="1.1.0.1" xmlns="http://schemas.microsoft.com/powershell/2004/04">
  <Obj RefId="0">
    <TN RefId="0">
      <T>Microsoft.PowerShell.Commands.PSRepositoryItemInfo</T>
      <T>System.Management.Automation.PSCustomObject</T>
      <T>System.Object</T>
    </TN>
    <MS>
      <S N="Name">Az.Storage</S>
      <S N="Version">1.5.1</S>
      <S N="Type">Module</S>
      <S N="Description">Microsoft Azure PowerShell - Storage service data plane and management cmdlets for Azure Resource Manager in Windows PowerShell and PowerShell Core.  Creates and manages storage accounts in Azure Resource Manager._x000A__x000A_For more information on Storage, please visit the following: https://docs.microsoft.com/azure/storage/</S>
      <S N="Author">Microsoft Corporation</S>
      <S N="CompanyName">Microsoft Corporation</S>
      <S N="Copyright">Microsoft Corporation. All rights reserved.</S>
      <Obj N="PublishedDate" RefId="1">
        <TN RefId="1">
          <T>System.Management.Automation.PSCustomObject</T>
          <T>System.Object</T>
        </TN>
      </Obj>
      <Nil N="InstalledDate" />
      <Nil N="UpdatedDate" />
      <URI N="LicenseUri">https://aka.ms/azps-license</URI>
      <URI N="ProjectUri">https://github.com/Azure/azure-powershell</URI>
      <Nil N="IconUri" />
      <Obj N="Tags" RefId="2">
        <TN RefId="2">
          <T>System.Object[]</T>
          <T>System.Array</T>
          <T>System.Object</T>
        </TN>
        <LST>
          <S>Azure</S>
          <S>ResourceManager</S>
          <S>ARM</S>
          <S>Storage</S>
          <S>StorageAccount</S>
          <S>PSModule</S>
        </LST>
      </Obj>
      <Obj N="Includes" RefId="3">
        <TN RefId="3">
          <T>System.Collections.Hashtable</T>
          <T>System.Object</T>
        </TN>
        <DCT>
          <En>
            <S N="Key">DscResource</S>
            <Obj N="Value" RefId="4">
              <TNRef RefId="2" />
              <LST />
            </Obj>
          </En>
          <En>
            <S N="Key">Workflow</S>
            <Ref N="Value" RefId="4" />
          </En>
          <En>
            <S N="Key">Cmdlet</S>
            <Obj N="Value" RefId="5">
              <TNRef RefId="2" />
              <LST>
                <S>Get-AzStorageAccount</S>
                <S>Get-AzStorageAccountKey</S>
                <S>New-AzStorageAccount</S>
                <S>New-AzStorageAccountKey</S>
                <S>Remove-AzStorageAccount</S>
                <S>Set-AzCurrentStorageAccount</S>
                <S>Set-AzStorageAccount</S>
                <S>Get-AzStorageAccountNameAvailability</S>
                <S>Get-AzStorageUsage</S>
                <S>Update-AzStorageAccountNetworkRuleSet</S>
                <S>Get-AzStorageAccountNetworkRuleSet</S>
                <S>Add-AzStorageAccountNetworkRule</S>
                <S>Remove-AzStorageAccountNetworkRule</S>
                <S>Get-AzStorageTable</S>
                <S>New-AzStorageTableSASToken</S>
                <S>New-AzStorageTableStoredAccessPolicy</S>
                <S>New-AzStorageTable</S>
                <S>Remove-AzStorageTableStoredAccessPolicy</S>
                <S>Remove-AzStorageTable</S>
                <S>Get-AzStorageTableStoredAccessPolicy</S>
                <S>Set-AzStorageTableStoredAccessPolicy</S>
                <S>Get-AzStorageQueue</S>
                <S>New-AzStorageQueue</S>
                <S>Remove-AzStorageQueue</S>
                <S>Get-AzStorageQueueStoredAccessPolicy</S>
                <S>New-AzStorageQueueSASToken</S>
                <S>New-AzStorageQueueStoredAccessPolicy</S>
                <S>Remove-AzStorageQueueStoredAccessPolicy</S>
                <S>Set-AzStorageQueueStoredAccessPolicy</S>
                <S>Get-AzStorageFile</S>
                <S>Get-AzStorageFileContent</S>
                <S>Get-AzStorageFileCopyState</S>
                <S>Get-AzStorageShare</S>
                <S>Get-AzStorageShareStoredAccessPolicy</S>
                <S>New-AzStorageDirectory</S>
                <S>New-AzStorageFileSASToken</S>
                <S>New-AzStorageShare</S>
                <S>New-AzStorageShareSASToken</S>
                <S>New-AzStorageShareStoredAccessPolicy</S>
                <S>Remove-AzStorageDirectory</S>
                <S>Remove-AzStorageFile</S>
                <S>Remove-AzStorageShare</S>
                <S>Remove-AzStorageShareStoredAccessPolicy</S>
                <S>Set-AzStorageFileContent</S>
                <S>Set-AzStorageShareQuota</S>
                <S>Set-AzStorageShareStoredAccessPolicy</S>
                <S>Start-AzStorageFileCopy</S>
                <S>Stop-AzStorageFileCopy</S>
                <S>New-AzStorageAccountSASToken</S>
                <S>Set-AzStorageCORSRule</S>
                <S>Get-AzStorageCORSRule</S>
                <S>Get-AzStorageServiceLoggingProperty</S>
                <S>Get-AzStorageServiceMetricsProperty</S>
                <S>Remove-AzStorageCORSRule</S>
                <S>Set-AzStorageServiceLoggingProperty</S>
                <S>Set-AzStorageServiceMetricsProperty</S>
                <S>New-AzStorageContext</S>
                <S>Set-AzStorageContainerAcl</S>
                <S>Remove-AzStorageBlob</S>
                <S>Set-AzStorageBlobContent</S>
                <S>Get-AzStorageBlob</S>
                <S>Get-AzStorageBlobContent</S>
                <S>Get-AzStorageBlobCopyState</S>
                <S>Get-AzStorageContainer</S>
                <S>Get-AzStorageContainerStoredAccessPolicy</S>
                <S>New-AzStorageBlobSASToken</S>
                <S>New-AzStorageContainer</S>
                <S>New-AzStorageContainerSASToken</S>
                <S>New-AzStorageContainerStoredAccessPolicy</S>
                <S>Remove-AzStorageContainer</S>
                <S>Remove-AzStorageContainerStoredAccessPolicy</S>
                <S>Set-AzStorageContainerStoredAccessPolicy</S>
                <S>Start-AzStorageBlobCopy</S>
                <S>Start-AzStorageBlobIncrementalCopy</S>
                <S>Stop-AzStorageBlobCopy</S>
                <S>Update-AzStorageServiceProperty</S>
                <S>Get-AzStorageServiceProperty</S>
                <S>Enable-AzStorageDeleteRetentionPolicy</S>
                <S>Disable-AzStorageDeleteRetentionPolicy</S>
                <S>Enable-AzStorageStaticWebsite</S>
                <S>Disable-AzStorageStaticWebsite</S>
                <S>Get-AzRmStorageContainer</S>
                <S>Update-AzRmStorageContainer</S>
                <S>New-AzRmStorageContainer</S>
                <S>Remove-AzRmStorageContainer</S>
                <S>Add-AzRmStorageContainerLegalHold</S>
                <S>Remove-AzRmStorageContainerLegalHold</S>
                <S>Set-AzRmStorageContainerImmutabilityPolicy</S>
                <S>Get-AzRmStorageContainerImmutabilityPolicy</S>
                <S>Remove-AzRmStorageContainerImmutabilityPolicy</S>
                <S>Lock-AzRmStorageContainerImmutabilityPolicy</S>
                <S>Set-AzStorageAccountManagementPolicy</S>
                <S>Get-AzStorageAccountManagementPolicy</S>
                <S>Remove-AzStorageAccountManagementPolicy</S>
                <S>New-AzStorageAccountManagementPolicyFilter</S>
                <S>New-AzStorageAccountManagementPolicyRule</S>
                <S>Add-AzStorageAccountManagementPolicyAction</S>
                <S>Update-AzStorageBlobServiceProperty</S>
                <S>Get-AzStorageBlobServiceProperty</S>
                <S>Enable-AzStorageBlobDeleteRetentionPolicy</S>
                <S>Disable-AzStorageBlobDeleteRetentionPolicy</S>
                <S>Get-AzStorageFileHandle</S>
                <S>Close-AzStorageFileHandle</S>
              </LST>
            </Obj>
          </En>
          <En>
            <S N="Key">RoleCapability</S>
            <Ref N="Value" RefId="4" />
          </En>
          <En>
            <S N="Key">Function</S>
            <Ref N="Value" RefId="4" />
          </En>
          <En>
            <S N="Key">Command</S>
            <Obj N="Value" RefId="6">
              <TNRef RefId="2" />
              <LST>
                <S>Get-AzStorageAccount</S>
                <S>Get-AzStorageAccountKey</S>
                <S>New-AzStorageAccount</S>
                <S>New-AzStorageAccountKey</S>
                <S>Remove-AzStorageAccount</S>
                <S>Set-AzCurrentStorageAccount</S>
                <S>Set-AzStorageAccount</S>
                <S>Get-AzStorageAccountNameAvailability</S>
                <S>Get-AzStorageUsage</S>
                <S>Update-AzStorageAccountNetworkRuleSet</S>
                <S>Get-AzStorageAccountNetworkRuleSet</S>
                <S>Add-AzStorageAccountNetworkRule</S>
                <S>Remove-AzStorageAccountNetworkRule</S>
                <S>Get-AzStorageTable</S>
                <S>New-AzStorageTableSASToken</S>
                <S>New-AzStorageTableStoredAccessPolicy</S>
                <S>New-AzStorageTable</S>
                <S>Remove-AzStorageTableStoredAccessPolicy</S>
                <S>Remove-AzStorageTable</S>
                <S>Get-AzStorageTableStoredAccessPolicy</S>
                <S>Set-AzStorageTableStoredAccessPolicy</S>
                <S>Get-AzStorageQueue</S>
                <S>New-AzStorageQueue</S>
                <S>Remove-AzStorageQueue</S>
                <S>Get-AzStorageQueueStoredAccessPolicy</S>
                <S>New-AzStorageQueueSASToken</S>
                <S>New-AzStorageQueueStoredAccessPolicy</S>
                <S>Remove-AzStorageQueueStoredAccessPolicy</S>
                <S>Set-AzStorageQueueStoredAccessPolicy</S>
                <S>Get-AzStorageFile</S>
                <S>Get-AzStorageFileContent</S>
                <S>Get-AzStorageFileCopyState</S>
                <S>Get-AzStorageShare</S>
                <S>Get-AzStorageShareStoredAccessPolicy</S>
                <S>New-AzStorageDirectory</S>
                <S>New-AzStorageFileSASToken</S>
                <S>New-AzStorageShare</S>
                <S>New-AzStorageShareSASToken</S>
                <S>New-AzStorageShareStoredAccessPolicy</S>
                <S>Remove-AzStorageDirectory</S>
                <S>Remove-AzStorageFile</S>
                <S>Remove-AzStorageShare</S>
                <S>Remove-AzStorageShareStoredAccessPolicy</S>
                <S>Set-AzStorageFileContent</S>
                <S>Set-AzStorageShareQuota</S>
                <S>Set-AzStorageShareStoredAccessPolicy</S>
                <S>Start-AzStorageFileCopy</S>
                <S>Stop-AzStorageFileCopy</S>
                <S>New-AzStorageAccountSASToken</S>
                <S>Set-AzStorageCORSRule</S>
                <S>Get-AzStorageCORSRule</S>
                <S>Get-AzStorageServiceLoggingProperty</S>
                <S>Get-AzStorageServiceMetricsProperty</S>
                <S>Remove-AzStorageCORSRule</S>
                <S>Set-AzStorageServiceLoggingProperty</S>
                <S>Set-AzStorageServiceMetricsProperty</S>
                <S>New-AzStorageContext</S>
                <S>Set-AzStorageContainerAcl</S>
                <S>Remove-AzStorageBlob</S>
                <S>Set-AzStorageBlobContent</S>
                <S>Get-AzStorageBlob</S>
                <S>Get-AzStorageBlobContent</S>
                <S>Get-AzStorageBlobCopyState</S>
                <S>Get-AzStorageContainer</S>
                <S>Get-AzStorageContainerStoredAccessPolicy</S>
                <S>New-AzStorageBlobSASToken</S>
                <S>New-AzStorageContainer</S>
                <S>New-AzStorageContainerSASToken</S>
                <S>New-AzStorageContainerStoredAccessPolicy</S>
                <S>Remove-AzStorageContainer</S>
                <S>Remove-AzStorageContainerStoredAccessPolicy</S>
                <S>Set-AzStorageContainerStoredAccessPolicy</S>
                <S>Start-AzStorageBlobCopy</S>
                <S>Start-AzStorageBlobIncrementalCopy</S>
                <S>Stop-AzStorageBlobCopy</S>
                <S>Update-AzStorageServiceProperty</S>
                <S>Get-AzStorageServiceProperty</S>
                <S>Enable-AzStorageDeleteRetentionPolicy</S>
                <S>Disable-AzStorageDeleteRetentionPolicy</S>
                <S>Enable-AzStorageStaticWebsite</S>
                <S>Disable-AzStorageStaticWebsite</S>
                <S>Get-AzRmStorageContainer</S>
                <S>Update-AzRmStorageContainer</S>
                <S>New-AzRmStorageContainer</S>
                <S>Remove-AzRmStorageContainer</S>
                <S>Add-AzRmStorageContainerLegalHold</S>
                <S>Remove-AzRmStorageContainerLegalHold</S>
                <S>Set-AzRmStorageContainerImmutabilityPolicy</S>
                <S>Get-AzRmStorageContainerImmutabilityPolicy</S>
                <S>Remove-AzRmStorageContainerImmutabilityPolicy</S>
                <S>Lock-AzRmStorageContainerImmutabilityPolicy</S>
                <S>Set-AzStorageAccountManagementPolicy</S>
                <S>Get-AzStorageAccountManagementPolicy</S>
                <S>Remove-AzStorageAccountManagementPolicy</S>
                <S>New-AzStorageAccountManagementPolicyFilter</S>
                <S>New-AzStorageAccountManagementPolicyRule</S>
                <S>Add-AzStorageAccountManagementPolicyAction</S>
                <S>Update-AzStorageBlobServiceProperty</S>
                <S>Get-AzStorageBlobServiceProperty</S>
                <S>Enable-AzStorageBlobDeleteRetentionPolicy</S>
                <S>Disable-AzStorageBlobDeleteRetentionPolicy</S>
                <S>Get-AzStorageFileHandle</S>
                <S>Close-AzStorageFileHandle</S>
                <S>Get-AzStorageContainerAcl</S>
                <S>Start-CopyAzureStorageBlob</S>
                <S>Stop-CopyAzureStorageBlob</S>
                <S>Enable-AzStorageSoftDelete</S>
                <S>Disable-AzStorageSoftDelete</S>
              </LST>
            </Obj>
          </En>
        </DCT>
      </Obj>
      <Nil N="PowerShellGetFormatVersion" />
      <S N="ReleaseNotes">* Update example in reference documentation for 'Get-AzStorageAccount' to use correct parameter name</S>
      <Obj N="Dependencies" RefId="7">
        <TNRef RefId="2" />
        <LST>
          <Obj RefId="8">
            <TN RefId="4">
              <T>System.Collections.Specialized.OrderedDictionary</T>
              <T>System.Object</T>
            </TN>
            <DCT>
              <En>
                <S N="Key">Name</S>
                <S N="Value">Az.Accounts</S>
              </En>
              <En>
                <S N="Key">MinimumVersion</S>
                <S N="Value">1.6.1</S>
              </En>
              <En>
                <S N="Key">CanonicalId</S>
                <S N="Value">nuget:Az.Accounts/1.6.1</S>
              </En>
            </DCT>
          </Obj>
        </LST>
      </Obj>
<S N="RepositorySourceLocation">https://www.powershellgallery.com/api/v2/</S>
<S N="Repository">PSGallery</S>
      <S N="PackageManagementProvider">NuGet</S>
      <Obj N="AdditionalMetadata" RefId="9">
        <TNRef RefId="1" />
        <MS>
          <S N="copyright">Microsoft Corporation. All rights reserved.</S>
          <S N="description">Microsoft Azure PowerShell - Storage service data plane and management cmdlets for Azure Resource Manager in Windows PowerShell and PowerShell Core.  Creates and manages storage accounts in Azure Resource Manager._x000A__x000A_For more information on Storage, please visit the following: https://docs.microsoft.com/azure/storage/</S>
          <S N="requireLicenseAcceptance">True</S>
          <S N="releaseNotes">* Update example in reference documentation for 'Get-AzStorageAccount' to use correct parameter name</S>
          <S N="isLatestVersion">False</S>
          <S N="isAbsoluteLatestVersion">False</S>
          <S N="tags">Azure ResourceManager ARM Storage StorageAccount PSModule PSIncludes_Cmdlet PSCmdlet_Get-AzStorageAccount PSCmdlet_Get-AzStorageAccountKey PSCmdlet_New-AzStorageAccount PSCmdlet_New-AzStorageAccountKey PSCmdlet_Remove-AzStorageAccount PSCmdlet_Set-AzCurrentStorageAccount PSCmdlet_Set-AzStorageAccount PSCmdlet_Get-AzStorageAccountNameAvailability PSCmdlet_Get-AzStorageUsage PSCmdlet_Update-AzStorageAccountNetworkRuleSet PSCmdlet_Get-AzStorageAccountNetworkRuleSet PSCmdlet_Add-AzStorageAccountNetworkRule PSCmdlet_Remove-AzStorageAccountNetworkRule PSCmdlet_Get-AzStorageTable PSCmdlet_New-AzStorageTableSASToken PSCmdlet_New-AzStorageTableStoredAccessPolicy PSCmdlet_New-AzStorageTable PSCmdlet_Remove-AzStorageTableStoredAccessPolicy PSCmdlet_Remove-AzStorageTable PSCmdlet_Get-AzStorageTableStoredAccessPolicy PSCmdlet_Set-AzStorageTableStoredAccessPolicy PSCmdlet_Get-AzStorageQueue PSCmdlet_New-AzStorageQueue PSCmdlet_Remove-AzStorageQueue PSCmdlet_Get-AzStorageQueueStoredAccessPolicy PSCmdlet_New-AzStorageQueueSASToken PSCmdlet_New-AzStorageQueueStoredAccessPolicy PSCmdlet_Remove-AzStorageQueueStoredAccessPolicy PSCmdlet_Set-AzStorageQueueStoredAccessPolicy PSCmdlet_Get-AzStorageFile PSCmdlet_Get-AzStorageFileContent PSCmdlet_Get-AzStorageFileCopyState PSCmdlet_Get-AzStorageShare PSCmdlet_Get-AzStorageShareStoredAccessPolicy PSCmdlet_New-AzStorageDirectory PSCmdlet_New-AzStorageFileSASToken PSCmdlet_New-AzStorageShare PSCmdlet_New-AzStorageShareSASToken PSCmdlet_New-AzStorageShareStoredAccessPolicy PSCmdlet_Remove-AzStorageDirectory PSCmdlet_Remove-AzStorageFile PSCmdlet_Remove-AzStorageShare PSCmdlet_Remove-AzStorageShareStoredAccessPolicy PSCmdlet_Set-AzStorageFileContent PSCmdlet_Set-AzStorageShareQuota PSCmdlet_Set-AzStorageShareStoredAccessPolicy PSCmdlet_Start-AzStorageFileCopy PSCmdlet_Stop-AzStorageFileCopy PSCmdlet_New-AzStorageAccountSASToken PSCmdlet_Set-AzStorageCORSRule PSCmdlet_Get-AzStorageCORSRule PSCmdlet_Get-AzStorageServiceLoggingProperty PSCmdlet_Get-AzStorageServiceMetricsProperty PSCmdlet_Remove-AzStorageCORSRule PSCmdlet_Set-AzStorageServiceLoggingProperty PSCmdlet_Set-AzStorageServiceMetricsProperty PSCmdlet_New-AzStorageContext PSCmdlet_Set-AzStorageContainerAcl PSCmdlet_Remove-AzStorageBlob PSCmdlet_Set-AzStorageBlobContent PSCmdlet_Get-AzStorageBlob PSCmdlet_Get-AzStorageBlobContent PSCmdlet_Get-AzStorageBlobCopyState PSCmdlet_Get-AzStorageContainer PSCmdlet_Get-AzStorageContainerStoredAccessPolicy PSCmdlet_New-AzStorageBlobSASToken PSCmdlet_New-AzStorageContainer PSCmdlet_New-AzStorageContainerSASToken PSCmdlet_New-AzStorageContainerStoredAccessPolicy PSCmdlet_Remove-AzStorageContainer PSCmdlet_Remove-AzStorageContainerStoredAccessPolicy PSCmdlet_Set-AzStorageContainerStoredAccessPolicy PSCmdlet_Start-AzStorageBlobCopy PSCmdlet_Start-AzStorageBlobIncrementalCopy PSCmdlet_Stop-AzStorageBlobCopy PSCmdlet_Update-AzStorageServiceProperty PSCmdlet_Get-AzStorageServiceProperty PSCmdlet_Enable-AzStorageDeleteRetentionPolicy PSCmdlet_Disable-AzStorageDeleteRetentionPolicy PSCmdlet_Enable-AzStorageStaticWebsite PSCmdlet_Disable-AzStorageStaticWebsite PSCmdlet_Get-AzRmStorageContainer PSCmdlet_Update-AzRmStorageContainer PSCmdlet_New-AzRmStorageContainer PSCmdlet_Remove-AzRmStorageContainer PSCmdlet_Add-AzRmStorageContainerLegalHold PSCmdlet_Remove-AzRmStorageContainerLegalHold PSCmdlet_Set-AzRmStorageContainerImmutabilityPolicy PSCmdlet_Get-AzRmStorageContainerImmutabilityPolicy PSCmdlet_Remove-AzRmStorageContainerImmutabilityPolicy PSCmdlet_Lock-AzRmStorageContainerImmutabilityPolicy PSCmdlet_Set-AzStorageAccountManagementPolicy PSCmdlet_Get-AzStorageAccountManagementPolicy PSCmdlet_Remove-AzStorageAccountManagementPolicy PSCmdlet_New-AzStorageAccountManagementPolicyFilter PSCmdlet_New-AzStorageAccountManagementPolicyRule PSCmdlet_Add-AzStorageAccountManagementPolicyAction PSCmdlet_Update-AzStorageBlobServiceProperty PSCmdlet_Get-AzStorageBlobServiceProperty PSCmdlet_Enable-AzStorageBlobDeleteRetentionPolicy PSCmdlet_Disable-AzStorageBlobDeleteRetentionPolicy PSCmdlet_Get-AzStorageFileHandle PSCmdlet_Close-AzStorageFileHandle PSCommand_Get-AzStorageAccount PSCommand_Get-AzStorageAccountKey PSCommand_New-AzStorageAccount PSCommand_New-AzStorageAccountKey PSCommand_Remove-AzStorageAccount PSCommand_Set-AzCurrentStorageAccount PSCommand_Set-AzStorageAccount PSCommand_Get-AzStorageAccountNameAvailability PSCommand_Get-AzStorageUsage PSCommand_Update-AzStorageAccountNetworkRuleSet PSCommand_Get-AzStorageAccountNetworkRuleSet PSCommand_Add-AzStorageAccountNetworkRule PSCommand_Remove-AzStorageAccountNetworkRule PSCommand_Get-AzStorageTable PSCommand_New-AzStorageTableSASToken PSCommand_New-AzStorageTableStoredAccessPolicy PSCommand_New-AzStorageTable PSCommand_Remove-AzStorageTableStoredAccessPolicy PSCommand_Remove-AzStorageTable PSCommand_Get-AzStorageTableStoredAccessPolicy PSCommand_Set-AzStorageTableStoredAccessPolicy PSCommand_Get-AzStorageQueue PSCommand_New-AzStorageQueue PSCommand_Remove-AzStorageQueue PSCommand_Get-AzStorageQueueStoredAccessPolicy PSCommand_New-AzStorageQueueSASToken PSCommand_New-AzStorageQueueStoredAccessPolicy PSCommand_Remove-AzStorageQueueStoredAccessPolicy PSCommand_Set-AzStorageQueueStoredAccessPolicy PSCommand_Get-AzStorageFile PSCommand_Get-AzStorageFileContent PSCommand_Get-AzStorageFileCopyState PSCommand_Get-AzStorageShare PSCommand_Get-AzStorageShareStoredAccessPolicy PSCommand_New-AzStorageDirectory PSCommand_New-AzStorageFileSASToken PSCommand_New-AzStorageShare PSCommand_New-AzStorageShareSASToken PSCommand_New-AzStorageShareStoredAccessPolicy PSCommand_Remove-AzStorageDirectory PSCommand_Remove-AzStorageFile PSCommand_Remove-AzStorageShare PSCommand_Remove-AzStorageShareStoredAccessPolicy PSCommand_Set-AzStorageFileContent PSCommand_Set-AzStorageShareQuota PSCommand_Set-AzStorageShareStoredAccessPolicy PSCommand_Start-AzStorageFileCopy PSCommand_Stop-AzStorageFileCopy PSCommand_New-AzStorageAccountSASToken PSCommand_Set-AzStorageCORSRule PSCommand_Get-AzStorageCORSRule PSCommand_Get-AzStorageServiceLoggingProperty PSCommand_Get-AzStorageServiceMetricsProperty PSCommand_Remove-AzStorageCORSRule PSCommand_Set-AzStorageServiceLoggingProperty PSCommand_Set-AzStorageServiceMetricsProperty PSCommand_New-AzStorageContext PSCommand_Set-AzStorageContainerAcl PSCommand_Remove-AzStorageBlob PSCommand_Set-AzStorageBlobContent PSCommand_Get-AzStorageBlob PSCommand_Get-AzStorageBlobContent PSCommand_Get-AzStorageBlobCopyState PSCommand_Get-AzStorageContainer PSCommand_Get-AzStorageContainerStoredAccessPolicy PSCommand_New-AzStorageBlobSASToken PSCommand_New-AzStorageContainer PSCommand_New-AzStorageContainerSASToken PSCommand_New-AzStorageContainerStoredAccessPolicy PSCommand_Remove-AzStorageContainer PSCommand_Remove-AzStorageContainerStoredAccessPolicy PSCommand_Set-AzStorageContainerStoredAccessPolicy PSCommand_Start-AzStorageBlobCopy PSCommand_Start-AzStorageBlobIncrementalCopy PSCommand_Stop-AzStorageBlobCopy PSCommand_Update-AzStorageServiceProperty PSCommand_Get-AzStorageServiceProperty PSCommand_Enable-AzStorageDeleteRetentionPolicy PSCommand_Disable-AzStorageDeleteRetentionPolicy PSCommand_Enable-AzStorageStaticWebsite PSCommand_Disable-AzStorageStaticWebsite PSCommand_Get-AzRmStorageContainer PSCommand_Update-AzRmStorageContainer PSCommand_New-AzRmStorageContainer PSCommand_Remove-AzRmStorageContainer PSCommand_Add-AzRmStorageContainerLegalHold PSCommand_Remove-AzRmStorageContainerLegalHold PSCommand_Set-AzRmStorageContainerImmutabilityPolicy PSCommand_Get-AzRmStorageContainerImmutabilityPolicy PSCommand_Remove-AzRmStorageContainerImmutabilityPolicy PSCommand_Lock-AzRmStorageContainerImmutabilityPolicy PSCommand_Set-AzStorageAccountManagementPolicy PSCommand_Get-AzStorageAccountManagementPolicy PSCommand_Remove-AzStorageAccountManagementPolicy PSCommand_New-AzStorageAccountManagementPolicyFilter PSCommand_New-AzStorageAccountManagementPolicyRule PSCommand_Add-AzStorageAccountManagementPolicyAction PSCommand_Update-AzStorageBlobServiceProperty PSCommand_Get-AzStorageBlobServiceProperty PSCommand_Enable-AzStorageBlobDeleteRetentionPolicy PSCommand_Disable-AzStorageBlobDeleteRetentionPolicy PSCommand_Get-AzStorageFileHandle PSCommand_Close-AzStorageFileHandle PSCommand_Get-AzStorageContainerAcl PSCommand_Start-CopyAzureStorageBlob PSCommand_Stop-CopyAzureStorageBlob PSCommand_Enable-AzStorageSoftDelete PSCommand_Disable-AzStorageSoftDelete</S>
          <S N="developmentDependency">False</S>
          <B N="IsPrerelease">false</B>
        </MS>
      </Obj>

    </MS>
  </Obj>
</Objs>



